-- phpMyAdmin SQL Dump
-- version 4.8.4
-- https://www.phpmyadmin.net/
--
-- Host: 127.0.0.1
-- Generation Time: Dec 13, 2019 at 09:47 AM
-- Server version: 10.1.37-MariaDB
-- PHP Version: 7.3.1

SET SQL_MODE = "NO_AUTO_VALUE_ON_ZERO";
SET AUTOCOMMIT = 0;
START TRANSACTION;
SET time_zone = "+00:00";


/*!40101 SET @OLD_CHARACTER_SET_CLIENT=@@CHARACTER_SET_CLIENT */;
/*!40101 SET @OLD_CHARACTER_SET_RESULTS=@@CHARACTER_SET_RESULTS */;
/*!40101 SET @OLD_COLLATION_CONNECTION=@@COLLATION_CONNECTION */;
/*!40101 SET NAMES utf8mb4 */;

--
-- Database: `vietpro_dts`
--

-- --------------------------------------------------------

--
-- Table structure for table `address`
--

CREATE TABLE `address` (
  `addr_id` int(11) NOT NULL,
  `title` varchar(255) COLLATE utf8mb4_unicode_ci NOT NULL,
  `addr_cs1` varchar(255) COLLATE utf8mb4_unicode_ci NOT NULL,
  `addr_cs2` varchar(255) COLLATE utf8mb4_unicode_ci NOT NULL
) ENGINE=InnoDB DEFAULT CHARSET=utf8mb4 COLLATE=utf8mb4_unicode_ci;

--
-- Dumping data for table `address`
--

INSERT INTO `address` (`addr_id`, `title`, `addr_cs1`, `addr_cs2`) VALUES
(1, 'Địa chỉ', 'B8A Võ Văn Dũng - Hoàng Cầu Đống Đa - Hà Nội', 'Số 25 Ngõ 178/71 - Tây Sơn Đống Đa - Hà Nội');

-- --------------------------------------------------------

--
-- Table structure for table `aside`
--

CREATE TABLE `aside` (
  `bann_id` int(11) NOT NULL,
  `bann_name` varchar(255) COLLATE utf8mb4_unicode_ci NOT NULL,
  `bann_image` varchar(255) COLLATE utf8mb4_unicode_ci NOT NULL,
  `bann_description` varchar(255) COLLATE utf8mb4_unicode_ci NOT NULL,
  `link_location` varchar(255) COLLATE utf8mb4_unicode_ci DEFAULT NULL
) ENGINE=InnoDB DEFAULT CHARSET=utf8mb4 COLLATE=utf8mb4_unicode_ci;

--
-- Dumping data for table `aside`
--

INSERT INTO `aside` (`bann_id`, `bann_name`, `bann_image`, `bann_description`, `link_location`) VALUES
(1, 'banner 1', 'banner-1.png', 'Thông tin Iphone 2018', 'https://www.thegioididong.com/tim-kiem?key=iphone+xs'),
(2, 'banner 2', 'banner-2.png', 'Voucher Galaxy J8', 'https://www.thegioididong.com/tim-kiem?key=galaxy+'),
(3, 'banner 3', 'banner-3.png', 'Iphone 7 | 7 plus', 'https://www.thegioididong.com/tim-kiem?key=iphone+7'),
(4, 'banner 4', 'banner-4.png', 'Macbook', 'https://www.thegioididong.com/tim-kiem?key=macbook'),
(5, 'banner 5', 'banner-5.png', 'Iphone 2018', 'https://www.thegioididong.com/tim-kiem?key=iphone+xs'),
(6, 'banner 6', 'banner-6.png', 'Bảo hành', 'https://www.thegioididong.com/hoi-dap'),
(13, 'banner 10', 'banner-7.png', 'Samsung A70', 'https://www.thegioididong.com/laptop');

-- --------------------------------------------------------

--
-- Table structure for table `category`
--

CREATE TABLE `category` (
  `cat_id` int(11) NOT NULL,
  `cat_name` varchar(255) COLLATE utf8_unicode_ci NOT NULL
) ENGINE=InnoDB DEFAULT CHARSET=utf8 COLLATE=utf8_unicode_ci;

--
-- Dumping data for table `category`
--

INSERT INTO `category` (`cat_id`, `cat_name`) VALUES
(15, 'accessory'),
(6, 'Blackberry'),
(3, 'HTC'),
(1, 'iPhone'),
(4, 'Nokia'),
(7, 'OPPO'),
(2, 'Samsung'),
(5, 'Sony'),
(9, 'vivo'),
(8, 'Xiaomi');

-- --------------------------------------------------------

--
-- Table structure for table `comment`
--

CREATE TABLE `comment` (
  `comm_id` int(11) NOT NULL,
  `prd_id` int(11) NOT NULL,
  `comm_name` varchar(255) COLLATE utf8_unicode_ci NOT NULL,
  `comm_mail` varchar(255) COLLATE utf8_unicode_ci NOT NULL,
  `comm_date` datetime NOT NULL,
  `comm_details` text COLLATE utf8_unicode_ci NOT NULL
) ENGINE=InnoDB DEFAULT CHARSET=utf8 COLLATE=utf8_unicode_ci;

--
-- Dumping data for table `comment`
--

INSERT INTO `comment` (`comm_id`, `prd_id`, `comm_name`, `comm_mail`, `comm_date`, `comm_details`) VALUES
(1, 1, 'Nguyễn Văn A', 'nguyenvana@gmail.com', '2018-12-12 20:59:56', 'Đây thực sự là một sản phẩm tuyệt vời'),
(2, 2, 'Nguyễn Văn A', 'nguyenvana@gmail.com', '2018-12-12 20:59:56', 'Đây thực sự là một sản phẩm tuyệt vời'),
(3, 3, 'Nguyễn Văn A', 'nguyenvana@gmail.com', '2018-12-12 20:59:56', 'Đây thực sự là một sản phẩm tuyệt vời'),
(4, 4, 'Nguyễn Văn A', 'nguyenvana@gmail.com', '2018-12-12 20:59:56', 'Đây thực sự là một sản phẩm tuyệt vời'),
(5, 5, 'Nguyễn Văn A', 'nguyenvana@gmail.com', '2018-12-12 20:59:56', 'Đây thực sự là một sản phẩm tuyệt vời'),
(6, 6, 'Nguyễn Văn A', 'nguyenvana@gmail.com', '2018-12-12 20:59:56', 'Đây thực sự là một sản phẩm tuyệt vời'),
(7, 7, 'Nguyễn Văn A', 'nguyenvana@gmail.com', '2018-12-12 20:59:56', 'Đây thực sự là một sản phẩm tuyệt vời'),
(8, 8, 'Nguyễn Văn A', 'nguyenvana@gmail.com', '2018-12-12 20:59:56', 'Đây thực sự là một sản phẩm tuyệt vời'),
(9, 9, 'Nguyễn Văn A', 'nguyenvana@gmail.com', '2018-12-12 20:59:56', 'Đây thực sự là một sản phẩm tuyệt vời'),
(10, 10, 'Nguyễn Văn A', 'nguyenvana@gmail.com', '2018-12-12 20:59:56', 'Đây thực sự là một sản phẩm tuyệt vời'),
(11, 11, 'Nguyễn Văn A', 'nguyenvana@gmail.com', '2018-12-12 20:59:56', 'Đây thực sự là một sản phẩm tuyệt vời'),
(12, 12, 'Nguyễn Văn A', 'nguyenvana@gmail.com', '2018-12-12 20:59:56', 'Đây thực sự là một sản phẩm tuyệt vời'),
(13, 13, 'Nguyễn Văn A', 'nguyenvana@gmail.com', '2018-12-12 20:59:56', 'Đây thực sự là một sản phẩm tuyệt vời'),
(14, 14, 'Nguyễn Văn A', 'nguyenvana@gmail.com', '2018-12-12 20:59:56', 'Đây thực sự là một sản phẩm tuyệt vời'),
(15, 15, 'Nguyễn Văn A', 'nguyenvana@gmail.com', '2018-12-12 20:59:56', 'Đây thực sự là một sản phẩm tuyệt vời'),
(16, 16, 'Nguyễn Văn A', 'nguyenvana@gmail.com', '2018-12-12 20:59:56', 'Đây thực sự là một sản phẩm tuyệt vời'),
(17, 17, 'Nguyễn Văn A', 'nguyenvana@gmail.com', '2018-12-12 20:59:56', 'Đây thực sự là một sản phẩm tuyệt vời'),
(18, 18, 'Nguyễn Văn A', 'nguyenvana@gmail.com', '2018-12-12 20:59:56', 'Đây thực sự là một sản phẩm tuyệt vời'),
(19, 19, 'Nguyễn Văn A', 'nguyenvana@gmail.com', '2018-12-12 20:59:56', 'Đây thực sự là một sản phẩm tuyệt vời'),
(20, 20, 'Nguyễn Văn A', 'nguyenvana@gmail.com', '2018-12-12 20:59:56', 'Đây thực sự là một sản phẩm tuyệt vời'),
(21, 21, 'Nguyễn Văn A', 'nguyenvana@gmail.com', '2018-12-12 20:59:56', 'Đây thực sự là một sản phẩm tuyệt vời'),
(22, 22, 'Nguyễn Văn A', 'nguyenvana@gmail.com', '2018-12-12 20:59:56', 'Đây thực sự là một sản phẩm tuyệt vời'),
(23, 23, 'Nguyễn Văn A', 'nguyenvana@gmail.com', '2018-12-12 20:59:56', 'Đây thực sự là một sản phẩm tuyệt vời'),
(24, 24, 'Nguyễn Văn A', 'nguyenvana@gmail.com', '2018-12-12 20:59:56', 'Đây thực sự là một sản phẩm tuyệt vời'),
(25, 25, 'Nguyễn Văn A', 'nguyenvana@gmail.com', '2018-12-12 20:59:56', 'Đây thực sự là một sản phẩm tuyệt vời'),
(26, 26, 'Nguyễn Văn A', 'nguyenvana@gmail.com', '2018-12-12 20:59:56', 'Đây thực sự là một sản phẩm tuyệt vời'),
(27, 27, 'Nguyễn Văn A', 'nguyenvana@gmail.com', '2018-12-12 20:59:56', 'Đây thực sự là một sản phẩm tuyệt vời'),
(28, 28, 'Nguyễn Văn A', 'nguyenvana@gmail.com', '2018-12-12 20:59:56', 'Đây thực sự là một sản phẩm tuyệt vời'),
(29, 29, 'Nguyễn Văn A', 'nguyenvana@gmail.com', '2018-12-12 20:59:56', 'Đây thực sự là một sản phẩm tuyệt vời'),
(30, 30, 'Nguyễn Văn A', 'nguyenvana@gmail.com', '2018-12-12 20:59:56', 'Đây thực sự là một sản phẩm tuyệt vời'),
(38, 5, 'pham anh myoc', 'vietha@gmail.com', '2019-11-20 02:37:32', 'what up'),
(39, 5, 'vietha', 'hanguyen@gmail.com', '2019-11-20 02:41:51', 'san pham dep lam '),
(40, 5, 'nguyen van c', 'c@gmail.com', '2019-11-20 02:42:14', 'sp dep'),
(41, 5, 'nguyen thi na', 'na@gmail.com', '2019-11-20 02:42:42', 'hello ad...'),
(42, 5, 'nam ', 'nam@gmail.com', '2019-11-20 02:43:08', 'dep lam ad oi'),
(49, 3, 'nguyen thu thuy', 'abc@gmail.com', '2019-11-20 23:00:33', 'tu van giup toi'),
(50, 3, 'nguyen thu thuy', 'abc@gmail.com', '2019-11-20 23:00:33', 'tu van giup toi'),
(51, 3, 'ha thao', 'nvn@gmail.com', '2019-11-20 23:01:07', 'hello ad'),
(52, 3, 'vu trung kien', 'kien@gmail.com', '2019-11-20 23:01:59', 'san pham dep'),
(53, 34, 'nguyen thu thao', 'thao@gmail.com', '2019-11-21 11:39:14', 'giao hang giup em'),
(55, 4, 'pham anh my', 'my@gmail.com', '2019-11-23 23:28:42', 'sp dep'),
(56, 31, 'truong anh quan', 'quan@gmail.com', '2019-11-29 16:11:23', '<p>san pham dep lam.ahihi</p>\r\n'),
(58, 19, 'nguyen van duc ptit', 'ducsaboptit@gmail.com', '2019-11-29 17:35:29', '<p>camera chup rat dep, chong nuoc tot</p>\r\n'),
(60, 2, 'nguyen anh quan', 'long@gm1122ail.com', '2019-12-04 10:05:02', '<p>SAN PAH MKHONG TOT</p>\r\n'),
(61, 39, 'viet ha nguyen ptit', 'haptit@gmail.com', '2019-11-30 07:56:54', 'sản phẩm dùng tốt');

-- --------------------------------------------------------

--
-- Table structure for table `hotline`
--

CREATE TABLE `hotline` (
  `hotline_id` int(11) NOT NULL,
  `title` varchar(255) COLLATE utf8mb4_unicode_ci NOT NULL,
  `phone` varchar(255) COLLATE utf8mb4_unicode_ci NOT NULL,
  `email` varchar(255) COLLATE utf8mb4_unicode_ci NOT NULL
) ENGINE=InnoDB DEFAULT CHARSET=utf8mb4 COLLATE=utf8mb4_unicode_ci;

--
-- Dumping data for table `hotline`
--

INSERT INTO `hotline` (`hotline_id`, `title`, `phone`, `email`) VALUES
(1, 'Hotline', 'Phone Sale: (+84) 0988 550 553', 'Email: vietpro.edu.vn@gmail.com');

-- --------------------------------------------------------

--
-- Table structure for table `logo`
--

CREATE TABLE `logo` (
  `logo_id` int(11) NOT NULL,
  `logo_name` varchar(255) COLLATE utf8mb4_unicode_ci NOT NULL,
  `logo_image` varchar(255) COLLATE utf8mb4_unicode_ci NOT NULL,
  `logo_description` varchar(255) COLLATE utf8mb4_unicode_ci NOT NULL
) ENGINE=InnoDB DEFAULT CHARSET=utf8mb4 COLLATE=utf8mb4_unicode_ci;

--
-- Dumping data for table `logo`
--

INSERT INTO `logo` (`logo_id`, `logo_name`, `logo_image`, `logo_description`) VALUES
(1, 'Vietpro Mobile Shop header', 'logo.png', 'Vietpro logo header');

-- --------------------------------------------------------

--
-- Table structure for table `logo_footer`
--

CREATE TABLE `logo_footer` (
  `logo_footer_id` int(5) NOT NULL,
  `logo_footer_name` varchar(255) COLLATE utf8mb4_unicode_ci NOT NULL,
  `logo_footer_description` varchar(255) COLLATE utf8mb4_unicode_ci NOT NULL,
  `logo_footer_image` varchar(255) COLLATE utf8mb4_unicode_ci DEFAULT NULL
) ENGINE=InnoDB DEFAULT CHARSET=utf8mb4 COLLATE=utf8mb4_unicode_ci;

--
-- Dumping data for table `logo_footer`
--

INSERT INTO `logo_footer` (`logo_footer_id`, `logo_footer_name`, `logo_footer_description`, `logo_footer_image`) VALUES
(1, 'Vietpro Mobile Shop footer', ' Vietpro Academy thành lập năm 2009. Chúng tôi đào tạo chuyên sâu trong 2 lĩnh vực là Lập trình Website & Mobile nhằm cung cấp cho thị trường CNTT Việt Nam những lập trình viên thực sự chất lượng, có khả năng làm việc độc lập, cũng như Team Work ở mọi môi', 'logo-footer.png');

-- --------------------------------------------------------

--
-- Table structure for table `product`
--

CREATE TABLE `product` (
  `prd_id` int(11) NOT NULL,
  `cat_id` int(11) NOT NULL,
  `prd_name` varchar(255) COLLATE utf8_unicode_ci NOT NULL,
  `prd_image` varchar(255) COLLATE utf8_unicode_ci NOT NULL,
  `prd_price` int(11) UNSIGNED NOT NULL,
  `prd_warranty` varchar(255) COLLATE utf8_unicode_ci NOT NULL,
  `prd_accessories` varchar(255) COLLATE utf8_unicode_ci NOT NULL,
  `prd_new` varchar(255) COLLATE utf8_unicode_ci NOT NULL,
  `prd_promotion` varchar(255) COLLATE utf8_unicode_ci NOT NULL,
  `prd_status` int(1) NOT NULL,
  `prd_featured` int(1) NOT NULL,
  `prd_details` text COLLATE utf8_unicode_ci NOT NULL
) ENGINE=InnoDB DEFAULT CHARSET=utf8 COLLATE=utf8_unicode_ci;

--
-- Dumping data for table `product`
--

INSERT INTO `product` (`prd_id`, `cat_id`, `prd_name`, `prd_image`, `prd_price`, `prd_warranty`, `prd_accessories`, `prd_new`, `prd_promotion`, `prd_status`, `prd_featured`, `prd_details`) VALUES
(1, 1, 'iPhone 7 Plus 32GB Rose Gold', 'iPhone-7-Plus-32GB-Rose-Gold.png', 10000000, '12 Tháng', 'Hộp, sách, sạc, cáp, tai nghe', 'Máy Mới 100%', 'Dán Màn Hình 4D', 1, 1, 'Sản phẩm này chúng tôi đang cập nhật nội dung chi tiết, các bạn có thể qua trực tiếp cửa hàng để xem sản phẩm, vì hàng chúng tôi luôn có sẵn.'),
(2, 1, 'iPhone X 256GB Silver Seedstock', 'iPhone-X-256GB-Silver-Seedstock.png', 10000000, '12 Tháng', 'Hộp, sách, sạc, cáp, tai nghe', 'Máy Mới 100%', 'Dán Màn Hình 4D', 1, 1, 'Sản phẩm này chúng tôi đang cập nhật nội dung chi tiết, các bạn có thể qua trực tiếp cửa hàng để xem sản phẩm, vì hàng chúng tôi luôn có sẵn.'),
(3, 1, 'iPhone Xr 2 Sim 64GB Yellow', 'iPhone-Xr-2-Sim-64GB-Yellow.png', 10000000, '12 Tháng', 'Hộp, sách, sạc, cáp, tai nghe', 'Máy Mới 100%', 'Dán Màn Hình 4D', 1, 0, 'Sản phẩm này chúng tôi đang cập nhật nội dung chi tiết, các bạn có thể qua trực tiếp cửa hàng để xem sản phẩm, vì hàng chúng tôi luôn có sẵn.'),
(4, 1, 'iPhone Xr 2 Sim 56GB Red', 'iPhone-Xr-2-Sim-256GB-Red.png', 10000000, '12 Tháng', 'Hộp, sách, sạc, cáp, tai nghe', 'Máy Mới 100%', 'Dán Màn Hình 4D', 1, 0, 'Sản phẩm này chúng tôi đang cập nhật nội dung chi tiết, các bạn có thể qua trực tiếp cửa hàng để xem sản phẩm, vì hàng chúng tôi luôn có sẵn.'),
(5, 1, 'iPhone Xs 256GB Gold', 'iPhone-Xs-256GB-Gold.png', 10000000, '12 Tháng', 'Hộp, sách, sạc, cáp, tai nghe', 'Máy Mới 100%', 'Dán Màn Hình 4D', 0, 0, 'Sản phẩm này chúng tôi đang cập nhật nội dung chi tiết, các bạn có thể qua trực tiếp cửa hàng để xem sản phẩm, vì hàng chúng tôi luôn có sẵn.'),
(6, 2, 'Samsung Galaxy A9 2018 Black', 'Samsung-Galaxy-A9-2018-Black.png', 10000000, '12 Tháng', 'Hộp, sách, sạc, cáp, tai nghe', 'Máy Mới 100%', 'Dán Màn Hình 4D', 1, 1, 'Sản phẩm này chúng tôi đang cập nhật nội dung chi tiết, các bạn có thể qua trực tiếp cửa hàng để xem sản phẩm, vì hàng chúng tôi luôn có sẵn.'),
(7, 2, 'Samsung Galaxy J2 Core Gold', 'Samsung-Galaxy-J2-Core-Gold.png', 10000000, '12 Tháng', 'Hộp, sách, sạc, cáp, tai nghe', 'Máy Mới 100%', 'Dán Màn Hình 4D', 1, 1, 'Sản phẩm này chúng tôi đang cập nhật nội dung chi tiết, các bạn có thể qua trực tiếp cửa hàng để xem sản phẩm, vì hàng chúng tôi luôn có sẵn.'),
(8, 2, 'Samsung Galaxy J4 Core Black', 'Samsung-Galaxy-J4-Core-Black.png', 10000000, '12 Tháng', 'Hộp, sách, sạc, cáp, tai nghe', 'Máy Mới 100%', 'Dán Màn Hình 4D', 1, 0, 'Sản phẩm này chúng tôi đang cập nhật nội dung chi tiết, các bạn có thể qua trực tiếp cửa hàng để xem sản phẩm, vì hàng chúng tôi luôn có sẵn.'),
(9, 2, 'Samsung Galaxy S9 Plus 64GB Orchid Gray', 'Samsung-Galaxy-S9-Plus-64GB-Orchid-Gray.png', 10000000, '12 Tháng', 'Hộp, sách, sạc, cáp, tai nghe', 'Máy Mới 100%', 'Dán Màn Hình 4D', 1, 0, 'Sản phẩm này chúng tôi đang cập nhật nội dung chi tiết, các bạn có thể qua trực tiếp cửa hàng để xem sản phẩm, vì hàng chúng tôi luôn có sẵn.'),
(10, 2, 'Samsung Galaxy S9 Plus Black 128GB', 'Samsung-Galaxy-S9-Plus-Black-128GB.png', 10000000, '12 Tháng', 'Hộp, sách, sạc, cáp, tai nghe', 'Máy Mới 100%', 'Dán Màn Hình 4D', 0, 0, 'Sản phẩm này chúng tôi đang cập nhật nội dung chi tiết, các bạn có thể qua trực tiếp cửa hàng để xem sản phẩm, vì hàng chúng tôi luôn có sẵn.'),
(11, 4, 'Nokia 1 red', 'Nokia-1-red.png', 10000000, '12 Tháng', 'Hộp, sách, sạc, cáp, tai nghe', 'Máy Mới 100%', 'Dán Màn Hình 4D', 1, 1, 'Sản phẩm này chúng tôi đang cập nhật nội dung chi tiết, các bạn có thể qua trực tiếp cửa hàng để xem sản phẩm, vì hàng chúng tôi luôn có sẵn.'),
(12, 4, 'Nokia 3.1 Black', 'Nokia-3.1-Black.png', 10000000, '12 Tháng', 'Hộp, sách, sạc, cáp, tai nghe', 'Máy Mới 100%', 'Dán Màn Hình 4D', 1, 0, 'Sản phẩm này chúng tôi đang cập nhật nội dung chi tiết, các bạn có thể qua trực tiếp cửa hàng để xem sản phẩm, vì hàng chúng tôi luôn có sẵn.'),
(13, 4, 'Nokia 6.1 Plus Blue', 'Nokia-6.1-Plus-Blue.png', 10000000, '12 Tháng', 'Hộp, sách, sạc, cáp, tai nghe', 'Máy Mới 100%', 'Dán Màn Hình 4D', 1, 0, 'Sản phẩm này chúng tôi đang cập nhật nội dung chi tiết, các bạn có thể qua trực tiếp cửa hàng để xem sản phẩm, vì hàng chúng tôi luôn có sẵn.'),
(14, 4, 'Nokia 6.1 Plus White', 'Nokia-6.1-Plus-White.png', 10000000, '12 Tháng', 'Hộp, sách, sạc, cáp, tai nghe', 'Máy Mới 100%', 'Dán Màn Hình 4D', 1, 0, 'Sản phẩm này chúng tôi đang cập nhật nội dung chi tiết, các bạn có thể qua trực tiếp cửa hàng để xem sản phẩm, vì hàng chúng tôi luôn có sẵn.'),
(15, 4, 'Nokia 150 White', 'Nokia-150-White.png', 10000000, '12 Tháng', 'Hộp, sách, sạc, cáp, tai nghe', 'Máy Mới 100%', 'Dán Màn Hình 4D', 0, 0, 'Sản phẩm này chúng tôi đang cập nhật nội dung chi tiết, các bạn có thể qua trực tiếp cửa hàng để xem sản phẩm, vì hàng chúng tôi luôn có sẵn.'),
(16, 7, 'OPPO A3s 16GB Red', 'OPPO-A3s–16GB-Red.png', 10000000, '12 Tháng', 'Hộp, sách, sạc, cáp, tai nghe', 'Máy Mới 100%', 'Dán Màn Hình 4D', 1, 1, 'Sản phẩm này chúng tôi đang cập nhật nội dung chi tiết, các bạn có thể qua trực tiếp cửa hàng để xem sản phẩm, vì hàng chúng tôi luôn có sẵn.'),
(17, 7, 'OPPO A7 64GB Blue', 'OPPO-A7-64GB-Blue.png', 10000000, '12 Tháng', 'Hộp, sách, sạc, cáp, tai nghe', 'Máy Mới 100%', 'Dán Màn Hình 4D', 1, 0, 'Sản phẩm này chúng tôi đang cập nhật nội dung chi tiết, các bạn có thể qua trực tiếp cửa hàng để xem sản phẩm, vì hàng chúng tôi luôn có sẵn.'),
(18, 7, 'OPPO F7 128GB Black', 'OPPO-F7-128GB-Black.png', 10000000, '12 Tháng', 'Hộp, sách, sạc, cáp, tai nghe', 'Máy Mới 100%', 'Dán Màn Hình 4D', 1, 0, 'Sản phẩm này chúng tôi đang cập nhật nội dung chi tiết, các bạn có thể qua trực tiếp cửa hàng để xem sản phẩm, vì hàng chúng tôi luôn có sẵn.'),
(19, 7, 'OPPO F9 Sunrise Red', 'OPPO-F9-Sunrise-Red.png', 10000000, '12 Tháng', 'Hộp, sách, sạc, cáp, tai nghe', 'Máy Mới 100%', 'Dán Màn Hình 4D', 1, 0, 'Sản phẩm này chúng tôi đang cập nhật nội dung chi tiết, các bạn có thể qua trực tiếp cửa hàng để xem sản phẩm, vì hàng chúng tôi luôn có sẵn.'),
(20, 7, 'OPPO R17 Pro Lavender', 'OPPO-R17-Pro-Lavender.png', 10000000, '12 Tháng', 'Hộp, sách, sạc, cáp, tai nghe', 'Máy Mới 100%', 'Dán Màn Hình 4D', 0, 0, 'Sản phẩm này chúng tôi đang cập nhật nội dung chi tiết, các bạn có thể qua trực tiếp cửa hàng để xem sản phẩm, vì hàng chúng tôi luôn có sẵn.'),
(21, 8, 'Xiaomi Mi 8 Pro Black', 'Xiaomi-Mi-8-Pro-Black.png', 10000000, '12 Tháng', 'Hộp, sách, sạc, cáp, tai nghe', 'Máy Mới 100%', 'Dán Màn Hình 4D', 1, 1, 'Sản phẩm này chúng tôi đang cập nhật nội dung chi tiết, các bạn có thể qua trực tiếp cửa hàng để xem sản phẩm, vì hàng chúng tôi luôn có sẵn.'),
(22, 8, 'Xiaomi Mi A1 Black', 'Xiaomi-Mi-A1-Black.png', 10000000, '12 Tháng', 'Hộp, sách, sạc, cáp, tai nghe', 'Máy Mới 100%', 'Dán Màn Hình 4D', 1, 0, 'Sản phẩm này chúng tôi đang cập nhật nội dung chi tiết, các bạn có thể qua trực tiếp cửa hàng để xem sản phẩm, vì hàng chúng tôi luôn có sẵn.'),
(23, 8, 'Xiaomi Mi A1 Gold', 'Xiaomi-Mi-A1-Gold.png', 10000000, '12 Tháng', 'Hộp, sách, sạc, cáp, tai nghe', 'Máy Mới 100%', 'Dán Màn Hình 4D', 1, 0, 'Sản phẩm này chúng tôi đang cập nhật nội dung chi tiết, các bạn có thể qua trực tiếp cửa hàng để xem sản phẩm, vì hàng chúng tôi luôn có sẵn.'),
(24, 8, 'Xiaomi Mi Max 3 Ram 4 64GB-Black', 'Xiaomi-Mi-Max-3-Ram-4–64GB-Black.png', 10000000, '12 Tháng', 'Hộp, sách, sạc, cáp, tai nghe', 'Máy Mới 100%', 'Dán Màn Hình 4D', 1, 0, 'Sản phẩm này chúng tôi đang cập nhật nội dung chi tiết, các bạn có thể qua trực tiếp cửa hàng để xem sản phẩm, vì hàng chúng tôi luôn có sẵn.'),
(25, 8, 'Xiaomi Redmi Note 6 Pro 32GB Blue', 'Xiaomi-Redmi-Note-6-Pro–32GB-Blue.png', 10000000, '12 Tháng', 'Hộp, sách, sạc, cáp, tai nghe', 'Máy Mới 100%', 'Dán Màn Hình 4D', 0, 0, 'Sản phẩm này chúng tôi đang cập nhật nội dung chi tiết, các bạn có thể qua trực tiếp cửa hàng để xem sản phẩm, vì hàng chúng tôi luôn có sẵn.'),
(26, 9, 'Vivo V7 Gold', 'Vivo-V7-Gold.png', 10000000, '12 Tháng', 'Hộp, sách, sạc, cáp, tai nghe', 'Máy Mới 100%', 'Dán Màn Hình 4D', 1, 1, 'Sản phẩm này chúng tôi đang cập nhật nội dung chi tiết, các bạn có thể qua trực tiếp cửa hàng để xem sản phẩm, vì hàng chúng tôi luôn có sẵn.'),
(27, 9, 'Vivo V9 Gold', 'Vivo-V9-Gold.png', 10000000, '12 Tháng', 'Hộp, sách, sạc, cáp, tai nghe', 'Máy Mới 100%', 'Dán Màn Hình 4D', 1, 0, 'Sản phẩm này chúng tôi đang cập nhật nội dung chi tiết, các bạn có thể qua trực tiếp cửa hàng để xem sản phẩm, vì hàng chúng tôi luôn có sẵn.'),
(28, 9, 'Vivo Y53C Gold', 'Vivo-Y53C-Gold.png', 10000000, '12 Tháng', 'Hộp, sách, sạc, cáp, tai nghe', 'Máy Mới 100%', 'Dán Màn Hình 4D', 1, 0, 'Sản phẩm này chúng tôi đang cập nhật nội dung chi tiết, các bạn có thể qua trực tiếp cửa hàng để xem sản phẩm, vì hàng chúng tôi luôn có sẵn.'),
(29, 9, 'Vivo Y69 Gold', 'Vivo-Y69-Gold.png', 10000000, '12 Tháng', 'Hộp, sách, sạc, cáp, tai nghe', 'Máy Mới 100%', 'Dán Màn Hình 4D', 1, 0, 'Sản phẩm này chúng tôi đang cập nhật nội dung chi tiết, các bạn có thể qua trực tiếp cửa hàng để xem sản phẩm, vì hàng chúng tôi luôn có sẵn.'),
(30, 9, 'Vivo Y81i Red', 'Vivo-Y81i-Red.png', 10000000, '12 Tháng', 'Hộp, sách, sạc, cáp, tai nghe', 'Máy Mới 100%', 'Dán Màn Hình 4D', 0, 0, 'Sản phẩm này chúng tôi đang cập nhật nội dung chi tiết, các bạn có thể qua trực tiếp cửa hàng để xem sản phẩm, vì hàng chúng tôi luôn có sẵn.'),
(31, 1, 'iphone-7-plus-32GB-Rose-Gold_last', 'iPhone-X-256GB-Silver-Seedstock.png', 10000000, '12 tháng', 'tai nghe, sac,...', 'new 100%', 'ốp lưng, cường lực...dam man hinh', 1, 1, '<p>updating</p>\r\n'),
(32, 2, 'sam-sung', 'Samsung-Galaxy-A9-2018-Black.png', 20000000, '12 tháng', 'tai nghe, sac,...', 'new 100%', 'ốp lưng, cường lực...dam man hinh', 1, 1, '<p>update</p>\r\n'),
(33, 9, 'vido', 'Vivo-V7-Gold.png', 30000000, '12 tháng', 'tai nghe, sac,...', 'mới, xách tay', 'ốp lưng, cường lực...dam man hinh', 0, 0, '<p>updatinggggg</p>\r\n'),
(34, 4, 'nokia', 'Nokia-6.1-Plus-Blue.png', 3000000, '12 tháng', 'tai nghe, sac,...', 'mới, xách tay', 'ốp lưng, cường lực...dam man hinh', 1, 1, '<p>new</p>\r\n'),
(36, 7, 'oppo', 'OPPO-A7-64GB-Blue.png', 10000000, '12 tháng', 'tai nghe, sac,...', 'ốp lưng, cường lực...dam man hinh', 'ốp lưng, cường lực...dam man hinh', 1, 1, '<p>update to...</p>\r\n'),
(37, 15, 'headphone', 'headphone-1.png', 105000, '12 tháng', 'dây thay thế', '100%', 'tai chống nhiễu', 1, 0, 'Sản phẩm này đang hiện bán ở của hàng'),
(38, 15, 'speaker', 'speaker.png', 700000, '12 tháng', 'dây nối', '100%', 'đang update khuyến mãi', 1, 1, 'kiểu mẫu đẹp, âm thanh tốt'),
(39, 15, 'mouse ', 'mouse.png', 190000, '12 tháng', 'lót chuột', '100%', 'đang update khuyến mãi', 1, 1, 'bền, nhạy, kiểu mẫu đẹp');

-- --------------------------------------------------------

--
-- Table structure for table `service`
--

CREATE TABLE `service` (
  `service_id` int(11) NOT NULL,
  `title` varchar(255) COLLATE utf8mb4_unicode_ci NOT NULL,
  `service_1` varchar(255) COLLATE utf8mb4_unicode_ci NOT NULL,
  `service_2` varchar(255) COLLATE utf8mb4_unicode_ci NOT NULL
) ENGINE=InnoDB DEFAULT CHARSET=utf8mb4 COLLATE=utf8mb4_unicode_ci;

--
-- Dumping data for table `service`
--

INSERT INTO `service` (`service_id`, `title`, `service_1`, `service_2`) VALUES
(1, 'Dịch vụ', 'Bảo hành rơi vỡ, ngấm nước Care Diamond', 'Bảo hành Care X60 rơi vỡ ngấm nước vẫn Đổi mới');

-- --------------------------------------------------------

--
-- Table structure for table `slider`
--

CREATE TABLE `slider` (
  `slider_id` int(11) NOT NULL,
  `cat_id` int(11) NOT NULL,
  `slider_name` varchar(255) COLLATE utf8mb4_unicode_ci DEFAULT NULL,
  `slider_image` varchar(255) COLLATE utf8mb4_unicode_ci DEFAULT NULL,
  `slider_description` varchar(255) COLLATE utf8mb4_unicode_ci DEFAULT NULL
) ENGINE=InnoDB DEFAULT CHARSET=utf8mb4 COLLATE=utf8mb4_unicode_ci;

--
-- Dumping data for table `slider`
--

INSERT INTO `slider` (`slider_id`, `cat_id`, `slider_name`, `slider_image`, `slider_description`) VALUES
(1, 2, 'slide 1', 'slide-1.png', 'Chương trinh khuyến mãi Samsung'),
(2, 2, 'slide 2', 'slide-2.png', 'Chương trinh khuyến mãi Samsung'),
(3, 2, 'slide 3', 'slide-3.png', 'Chương trình khuyến mãi Samsung'),
(4, 1, 'slide 4', 'slide-4.png', 'Chương trinh khuyến mãi Iphone'),
(5, 7, 'slide 5', 'slide-5.png', 'Chương trình khuyến mãi Oppo'),
(31, 7, 'slide ewe', 'slide-8.png', 'gaming121212');

-- --------------------------------------------------------

--
-- Table structure for table `user`
--

CREATE TABLE `user` (
  `user_id` int(11) NOT NULL,
  `user_full` varchar(255) COLLATE utf8_unicode_ci NOT NULL,
  `user_mail` varchar(255) COLLATE utf8_unicode_ci NOT NULL,
  `user_pass` varchar(255) COLLATE utf8_unicode_ci NOT NULL,
  `user_level` int(1) NOT NULL
) ENGINE=InnoDB DEFAULT CHARSET=utf8 COLLATE=utf8_unicode_ci;

--
-- Dumping data for table `user`
--

INSERT INTO `user` (`user_id`, `user_full`, `user_mail`, `user_pass`, `user_level`) VALUES
(1, 'Vietpro Academy', 'vietpro.edu.vn@gmail.com', '123456', 1),
(2, 'Administrator', 'admin@gmail.com', '123456', 1),
(3, 'Nguyễn Van A', 'nguyenvana@gmail.com', '123456', 2),
(4, 'Nguyễn Van B', 'nguyenvanb@gmail.com', '123456', 2),
(5, 'Nguyễn Van C', 'nguyenvanc@gmail.com', '123456', 2),
(7, 'viethaadmin', 'haviet@gmail.com', '123456', 1),
(8, 'haviettt', 'havietntt@gmail.com', '123456', 1);

--
-- Indexes for dumped tables
--

--
-- Indexes for table `address`
--
ALTER TABLE `address`
  ADD PRIMARY KEY (`addr_id`);

--
-- Indexes for table `aside`
--
ALTER TABLE `aside`
  ADD PRIMARY KEY (`bann_id`);

--
-- Indexes for table `category`
--
ALTER TABLE `category`
  ADD PRIMARY KEY (`cat_id`),
  ADD UNIQUE KEY `cat_name` (`cat_name`);

--
-- Indexes for table `comment`
--
ALTER TABLE `comment`
  ADD PRIMARY KEY (`comm_id`);

--
-- Indexes for table `hotline`
--
ALTER TABLE `hotline`
  ADD PRIMARY KEY (`hotline_id`);

--
-- Indexes for table `logo`
--
ALTER TABLE `logo`
  ADD PRIMARY KEY (`logo_id`);

--
-- Indexes for table `logo_footer`
--
ALTER TABLE `logo_footer`
  ADD PRIMARY KEY (`logo_footer_id`);

--
-- Indexes for table `product`
--
ALTER TABLE `product`
  ADD PRIMARY KEY (`prd_id`);

--
-- Indexes for table `service`
--
ALTER TABLE `service`
  ADD PRIMARY KEY (`service_id`);

--
-- Indexes for table `slider`
--
ALTER TABLE `slider`
  ADD PRIMARY KEY (`slider_id`),
  ADD KEY `cat_id` (`cat_id`);

--
-- Indexes for table `user`
--
ALTER TABLE `user`
  ADD PRIMARY KEY (`user_id`),
  ADD UNIQUE KEY `user_mail` (`user_mail`);

--
-- AUTO_INCREMENT for dumped tables
--

--
-- AUTO_INCREMENT for table `address`
--
ALTER TABLE `address`
  MODIFY `addr_id` int(11) NOT NULL AUTO_INCREMENT, AUTO_INCREMENT=2;

--
-- AUTO_INCREMENT for table `aside`
--
ALTER TABLE `aside`
  MODIFY `bann_id` int(11) NOT NULL AUTO_INCREMENT, AUTO_INCREMENT=14;

--
-- AUTO_INCREMENT for table `category`
--
ALTER TABLE `category`
  MODIFY `cat_id` int(11) NOT NULL AUTO_INCREMENT, AUTO_INCREMENT=16;

--
-- AUTO_INCREMENT for table `comment`
--
ALTER TABLE `comment`
  MODIFY `comm_id` int(11) NOT NULL AUTO_INCREMENT, AUTO_INCREMENT=62;

--
-- AUTO_INCREMENT for table `hotline`
--
ALTER TABLE `hotline`
  MODIFY `hotline_id` int(11) NOT NULL AUTO_INCREMENT, AUTO_INCREMENT=2;

--
-- AUTO_INCREMENT for table `logo`
--
ALTER TABLE `logo`
  MODIFY `logo_id` int(11) NOT NULL AUTO_INCREMENT, AUTO_INCREMENT=2;

--
-- AUTO_INCREMENT for table `product`
--
ALTER TABLE `product`
  MODIFY `prd_id` int(11) NOT NULL AUTO_INCREMENT, AUTO_INCREMENT=40;

--
-- AUTO_INCREMENT for table `service`
--
ALTER TABLE `service`
  MODIFY `service_id` int(11) NOT NULL AUTO_INCREMENT, AUTO_INCREMENT=2;

--
-- AUTO_INCREMENT for table `slider`
--
ALTER TABLE `slider`
  MODIFY `slider_id` int(11) NOT NULL AUTO_INCREMENT, AUTO_INCREMENT=32;

--
-- AUTO_INCREMENT for table `user`
--
ALTER TABLE `user`
  MODIFY `user_id` int(11) NOT NULL AUTO_INCREMENT, AUTO_INCREMENT=9;

--
-- Constraints for dumped tables
--

--
-- Constraints for table `slider`
--
ALTER TABLE `slider`
  ADD CONSTRAINT `cat_id` FOREIGN KEY (`cat_id`) REFERENCES `category` (`cat_id`);
COMMIT;

/*!40101 SET CHARACTER_SET_CLIENT=@OLD_CHARACTER_SET_CLIENT */;
/*!40101 SET CHARACTER_SET_RESULTS=@OLD_CHARACTER_SET_RESULTS */;
/*!40101 SET COLLATION_CONNECTION=@OLD_COLLATION_CONNECTION */;
